Workbook

Sheet Responses
A1: response_id | B1: device_id | C1: captured_at | D1: part | E1: seq | F1: code | G1: construct | H1: question_english | I1: question_hindi | J1: answer
A2: A-0001 | B2: A | C2: 2026-09-12 | D2: A | E2: 1 | F2: DEM_school_name | G2: Demographic | H2: Name of school | I2: स्कूल का नाम | J2: B.P. Pujari Gr.EM
A3: A-0001 | B3: A | C3: 2026-09-12 | D3: A | E3: 2 | F3: DEM_district_block | G3: Demographic | H3: District/ Block | I3: जिला / ब्लॉक | J3: Raipur/Dharsiwa
A4: A-0001 | B4: A | C4: 2026-09-12 | D4: A | E4: 3 | F4: DEM_class_grade | G4: Demographic | H4: Class / Grade of child | I4: बच्चे की कक्षा / ग्रेड | J4: 9th A
A5: A-0001 | B5: A | C5: 2026-09-12 | D5: A | E5: 4 | F5: DEM_attendance | G5: Demographic | H5: School Attendance | I5: स्कूल में उपस्थिति | J5: Miss 3 to 5 days in a month
A6: A-0001 | B6: A | C6: 2026-09-12 | D6: A | E6: 5 | F6: DEM_gender | G6: Demographic | H6: Gender | I6: लिंग | J6: Female
A7: A-0001 | B7: A | C7: 2026-09-12 | D7: A | E7: 6 | F7: DEM_family_income | G7: Demographic | H7: Approximate annual family income | I7: अनुमानित वार्षिक पारिवारिक आय | J7: unanswered
A8: A-0001 | B8: A | C8: 2026-09-12 | D8: A | E8: 7 | F8: DEM_extracurricular | G8: Demographic | H8: Are you involved in any extracurricular activities like music or games? | I8: क्या आप संगीत या खेल जैसी किसी पाठ्येतर गतिविधियों में शामिल हैं? | J8: unanswered
A9: A-0001 | B9: A | C9: 2026-09-12 | D9: A | E9: 8 | F9: DEM_digital_access | G9: Demographic | H9: Do you have access to digital devices and internet at home? | I9: क्या आपके घर पर डिजिटल उपकरण और इंटरनेट की सुविधा है? | J9: Yes
A10: A-0001 | B10: A | C10: 2026-09-12 | D10: B | E10: 9 | F10: ER_1 | G10: ER | H10: My academic submissions are marked and assessed fairly. | I10: मेरे अकादमिक कार्यों का मूल्यांकन निष्पक्ष रूप से किया जाता है। | J10: 5
A11: A-0001 | B11: A | C11: 2026-09-12 | D11: B | E11: 10 | F11: ER_2 | G11: ER | H11: I am provided feedback on all academic aspects in the same way as my peers. | I11: मुझे अपने सहपाठियों के समान ही सभी अकादमिक पहलुओं पर फीडबैक प्रदान किया जाता है। | J11: 4
A12: A-0001 | B12: A | C12: 2026-09-12 | D12: B | E12: 11 | F12: ER_3 | G12: ER | H12: My teachers cover the topics they say they will teach and timely complete the syllabus planned for the year. | I12: मेरे शिक्षक उन विषयों को पढ़ाते हैं जिनके लिए वे कहते हैं और वर्ष के लिए निर्धारित पाठ्यक्रम को समय पर पूरा करते हैं। | J12: unreadable: mark spans columns 3 and 4
A13: A-0001 | B13: A | C13: 2026-09-12 | D13: B | E13: 12 | F13: ER_4 | G13: ER | H13: I trust that the rules and expectations in my school are applied the same way to every student. | I13: मुझे विश्वास है कि मेरे स्कूल के नियम और अपेक्षाएं हर छात्र पर समान रूप से लागू होती हैं। | J13: 5
A14: A-0001 | B14: A | C14: 2026-09-12 | D14: B | E14: 13 | F14: ER_5 | G14: ER | H14: I can rely on my school to follow through on what it promises events, and activities happen as planned. | I14: मैं अपने स्कूल पर भरोसा कर सकता हूँ कि वह अपने वादों को पूरा करेगा; कार्यक्रम और गतिविधियां योजना के अनुसार होती हैं। | J14: 4
A15: A-0001 | B15: A | C15: 2026-09-12 | D15: B | E15: 14 | F15: ER_6 | G15: ER | H15: I feel that the time I spend in school is used productively and is not wasted on administrative delays. | I15: मुझे लगता है कि स्कूल में बिताया गया मेरा समय उत्पादक रूप से उपयोग किया जाता है और प्रशासनिक देरी में बर्बाद नहीं होता है। | J15: 4
A16: A-0001 | B16: A | C16: 2026-09-12 | D16: B | E16: 15 | F16: RE_1 | G16: RE | H16: I feel supported when I struggle my learning needs are noticed and someone helps me. | I16: जब मुझे कठिनाई होती है तो मुझे सहयोग महसूस होता है; मेरी सीखने की जरूरतों पर ध्यान दिया जाता है और कोई मेरी मदद करता है। | J16: 4
A17: A-0001 | B17: A | C17: 2026-09-12 | D17: B | E17: 16 | F17: RE_2 | G17: RE | H17: I experience different styles of teaching in my classes, which helps me understand things in the way that works best for me. | I17: मैं अपनी कक्षाओं में पढ़ाने के विभिन्न तरीकों का अनुभव करता हूँ, जिससे मुझे चीजों को उस तरीके से समझने में मदद मिलती है जो मेरे लिए सबसे उपयुक्त है। | J17: 4
A18: A-0001 | B18: A | C18: 2026-09-12 | D18: B | E18: 17 | F18: RE_3 | G18: RE | H18: I get a response when I have a question or concern about my studies, I do not feel ignored. | I18: जब मुझे अपनी पढ़ाई के बारे में कोई प्रश्न या चिंता होती है तो मुझे जवाब मिलता है, मुझे अनदेखा महसूस नहीं होता। | J18: 4
A19: A-0001 | B19: A | C19: 2026-09-12 | D19: B | E19: 18 | F19: RE_4 | G19: RE | H19: I learn better because of the digital tools and technology used in my school they make things clearer and more interesting. | I19: मैं अपने स्कूल में उपयोग किए जाने वाले डिजिटल उपकरणों और तकनीक के कारण बेहतर सीखता हूँ; वे चीजों को स्पष्ट और अधिक रोचक बनाते हैं। | J19: 4
A20: A-0001 | B20: A | C20: 2026-09-12 | D20: B | E20: 19 | F20: RE_5 | G20: RE | H20: I feel that my school adjusts how it teaches based on how well students are actually learning. | I20: मुझे लगता है कि छात्र वास्तव में कितना अच्छा सीख रहे हैं, इसके आधार पर मेरा स्कूल अपने पढ़ाने के तरीके में बदलाव करता है। | J20: 3
A21: A-0001 | B21: A | C21: 2026-09-12 | D21: B | E21: 20 | F21: RE_6 | G21: RE | H21: I am aware of a way to raise concerns and questions in my school and feel that concerns are taken seriously. | I21: मुझे अपने स्कूल में चिंताओं और सवालों को उठाने के तरीके के बारे में पता है और मुझे लगता है कि चिंताओं को गंभीरता से लिया जाता है। | J21: 4
A22: A-0001 | B22: A | C22: 2026-09-12 | D22: B | E22: 21 | F22: EO_1 | G22: EO | H22: I feel that my reading, writing, and maths skills have clearly improved this school year. | I22: मुझे लगता है कि इस स्कूल वर्ष में मेरे पढ़ने, लिखने और गणित के कौशल में स्पष्ट रूप से सुधार हुआ है। | J22: 5
A23: A-0001 | B23: A | C23: 2026-09-12 | D23: B | E23: 22 | F23: EO_2 | G23: EO | H23: I am given tasks that make me think deeply, solve problems, and use what I have learnt in new situations not just memorise facts. | I23: मुझे ऐसे कार्य दिए जाते हैं जो मुझे गहराई से सोचने, समस्याओं को हल करने और नई स्थितियों में जो मैंने सीखा है उसका उपयोग करने के लिए प्रेरित करते हैं, न कि केवल तथ्यों को याद रखने के लिए। | J23: 4
A24: A-0001 | B24: A | C24: 2026-09-12 | D24: B | E24: 23 | F24: EO_3 | G24: EO | H24: The things I learn in school feel relevant to my life, society and the world I will live in. | I24: स्कूल में मैं जो चीजें सीखता हूँ, वे मुझे मेरे जीवन, समाज और उस दुनिया के लिए प्रासंगिक लगती हैं जिसमें मैं रहूँगा। | J24: 4
... A35: A-0001 | B35: A | C35: 2026-09-12 | D35: B | E35: 34 | F35: DI_1 | G35: DI | H35: I have access to computers, tablets, projectors, in school for learning. | I35: मुझे सीखने के लिए स्कूल में कंप्यूटर, टैबलेट, प्रोजेक्टर तक पहुंच प्राप्त है। | J35: 4
A36: A-0001 | B36: A | C36: 2026-09-12 | D36: B | E36: 35 | F36: DI_2 | G36: DI | H36: I can use the internet at school without it being too slow or unreliable to be useful. | I36: मैं स्कूल में इंटरनेट का उपयोग कर सकता हूँ और यह इतना धीमा या अविश्वसनीय नहीं होता कि अनुपयोगी हो जाए। | J36: conflict: EN=Yes HI=No
A37: A-0001 | B37: A | C37: 2026-09-12 | D37: B | E37: 36 | F37: DI_3 | G37: DI | H37: I find that digital equipment in my school works properly when it is needed; it is not always broken or unavailable. | I37: मुझे लगता है कि मेरे स्कूल में डिजिटल उपकरण जरूरत पड़ने पर ठीक से काम करते हैं; वे हमेशा टूटे हुए या अनुपलब्ध नहीं होते हैं। | J37: 2
A38: A-0001 | B38: A | C38: 2026-09-12 | D38: B | E38: 37 | F38: DI_4 | G38: DI | H38: I know that if a device or tool stops working, it gets fixed quickly so learning is not disrupted for long. | I38: मुझे पता है कि अगर कोई उपकरण या टूल काम करना बंद कर देता है, तो उसे जल्दी से ठीक कर दिया जाता है ताकि सीखने में लंबे समय तक बाधा न आए। | J38: 3
A39: A-0001 | B39: A | C39: 2026-09-12 | D39: B | E39: 38 | F39: DI_5 | G39: DI | H39: I have the same access to digital tools as other students in my school, no one is left out. | I39: मुझे भी स्कूल के अन्य छात्रों की तरह ही डिजिटल उपकरणों तक समान पहुंच प्राप्त है, कोई भी छूटता नहीं है। | J39: 3
A40: A-0001 | B40: A | C40: 2026-09-12 | D40: B | E40: 39 | F40: DI_6 | G40: DI | H40: I can access learning content provided by my school through an app or online platform like Google Classroom. | I40: मैं Google Classroom जैसे ऐप या ऑनलाइन प्लेटफ़ॉर्म के माध्यम से अपने स्कूल द्वारा प्रदान की गई शिक्षण सामग्री तक पहुंच सकता हूँ। | J40: 3
A41: A-0001 | B41: A | C41: 2026-09-12 | D41: B | E41: 40 | F41: TC_1 | G41: TC | H41: I feel that my teachers are able to use digital tools like smart boards, apps, and online platforms; comfortably and confidently in their lessons. | I41: मुझे लगता है कि मेरे शिक्षक अपने पाठों में स्मार्ट बोर्ड, ऐप और ऑनलाइन प्लेटफ़ॉर्म जैसे डिजिटल उपकरणों का आराम और आत्मविश्वास से उपयोग करने में सक्षम हैं। | J41: 4
A42: A-0001 | B42: A | C42: 2026-09-12 | D42: B | E42: 41 | F42: TC_2 | G42: TC | H42: I have noticed that my teachers choose the right and interesting digital tool for each subject and lesson. | I42: मैंने देखा है कि मेरे शिक्षक प्रत्येक विषय और पाठ के लिए सही और रोचक डिजिटल उपकरण चुनते हैं। | J42: 3
A43: A-0001 | B43: A | C43: 2026-09-12 | D43: B | E43: 42 | F43: TC_3 | G43: TC | H43: I feel that the way teachers use technology in my school keeps improving. | I43: मुझे लगता है कि मेरे स्कूल में शिक्षकों द्वारा तकनीक का उपयोग करने के तरीके में सुधार होता रहता है। | J43: 3
A44: A-0001 | B44: A | C44: 2026-09-12 | D44: B | E44: 43 | F44: TC_4 | G44: TC | H44: I feel that when my teachers use digital tools, it genuinely makes it easier for me to understand the topic. | I44: मुझे लगता है कि जब मेरे शिक्षक डिजिटल उपकरणों का उपयोग करते हैं, तो इससे मेरे लिए विषय को समझना वास्तव में आसान हो जाता है। | J44: 2
A45: A-0001 | B45: A | C45: 2026-09-12 | D45: B | E45: 44 | F45: TC_5 | G45: TC | H45: I learn from my teachers that technology is something to explore and use thoughtfully, not just to look to make things interesting | I45: मैं अपने शिक्षकों से सीखता हूँ कि प्रौद्योगिकी कुछ ऐसा है जिसे सोच-समझकर खोजना और उपयोग करना चाहिए, न कि केवल चीजों को रोचक बनाने के लिए देखना चाहिए। | J45: 5
A46: A-0001 | B46: A | C46: 2026-09-12 | D46: B | E46: 45 | F46: TC_6 | G46: TC | H46: I notice that my teachers bring new digital approaches into lessons regularly; they are not doing the same thing every year. | I46: मैं ध्यान देता हूँ कि मेरे शिक्षक नियमित रूप से पाठों में नए डिजिटल दृष्टिकोण लाते हैं; वे हर साल एक ही काम नहीं कर रहे हैं। | J46: 2
A47: A-0001 | B47: A | C47: 2026-09-12 | D47: B | E47: 46 | F47: DP_1 | G47: DP | H47: I learn better through videos, animations or interactive websites as they make subjects easier to understand. | I47: मैं वीडियो, एनिमेशन या इंटरैक्टिव वेबसाइटों के माध्यम से बेहतर सीखता हूँ क्योंकि वे विषयों को समझना आसान बनाते हैं। | J47: 3
A48: A-0001 | B48: A | C48: 2026-09-12 | D48: B | E48: 47 | F48: DP_2 | G48: DP | H48: I participate more actively in class because of the way technology is used; it is not just me sitting and watching. | I48: जिस तरह से तकनीक का उपयोग किया जाता है, उसके कारण मैं कक्षा में अधिक सक्रिय रूप से भाग लेता हूँ; यह केवल मेरा बैठकर देखना नहीं है। | J48: 3
... A80: A-0001 | B80: A | C80: 2026-09-12 | D80: B | E80: 79 | F80: PC_5 | G80: PC | H80: I feel proud to be a student at my school. | I80: मुझे अपने स्कूल का छात्र होने पर गर्व महसूस होता है। | J80: 3

Sheet Summary
A1: response_id | B1: school_name | C1: class_grade | D1: answered_items | E1: flagged_items | F1: ER_mean | G1: RE_mean | H1: EO_mean | I1: EM_mean | J1: DI_mean | K1: TC_mean | L1: DP_mean | M1: DS_mean | N1: PS_mean | O1: AS_mean | P1: IR_mean | Q1: PC_mean
A2: A-0001 | B2: =IFERROR(INDEX(Responses!$J$2:$J$200000,MATCH(1,INDEX((Responses!$A$2:$A$200000=$A2)*(Responses!$F$2:$F$200000="DEM_school_name"),0),0)),"") -> B.P. Pujari Gr.EM | C2: =IFERROR(INDEX(Responses!$J$2:$J$200000,MATCH(1,INDEX((Responses!$A$2:$A$200000=$A2)*(Responses!$F$2:$F$200000="DEM_class_grade"),0),0)),"") -> 9th A | D2: =COUNTIFS(Responses!$A$2:$A$200000,$A2,Responses!$D$2:$D$200000,"B",Responses!$J$2:$J$200000,">0") -> 69 | E2: =IF(A2="","",71-D2) -> 2 | F2: =IFERROR(ROUND(AVERAGEIFS(Responses!$J$2:$J$200000,Responses!$A$2:$A$200000,$A2,Responses!$G$2:$G$200000,"ER"),2),"") -> 4.4 | G2: =IFERROR(ROUND(AVERAGEIFS(Responses!$J$2:$J$200000,Responses!$A$2:$A$200000,$A2,Responses!$G$2:$G$200000,"RE"),2),"") -> 3.83 | H2: =IFERROR(ROUND(AVERAGEIFS(Responses!$J$2:$J$200000,Responses!$A$2:$A$200000,$A2,Responses!$G$2:$G$200000,"EO"),2),"") -> 4.14 | I2: =IFERROR(ROUND(AVERAGEIFS(Responses!$J$2:$J$200000,Responses!$A$2:$A$200000,$A2,Responses!$G$2:$G$200000,"EM"),2),"") -> 4.17 | J2: =IFERROR(ROUND(AVERAGEIFS(Responses!$J$2:$J$200000,Responses!$A$2:$A$200000,$A2,Responses!$G$2:$G$200000,"DI"),2),"") -> 3 | K2: =IFERROR(ROUND(AVERAGEIFS(Responses!$J$2:$J$200000,Responses!$A$2:$A$200000,$A2,Responses!$G$2:$G$200000,"TC"),2),"") -> 3.17 | L2: =IFERROR(ROUND(AVERAGEIFS(Responses!$J$2:$J$200000,Responses!$A$2:$A$200000,$A2,Responses!$G$2:$G$200000,"DP"),2),"") -> 3.17 | M2: =IFERROR(ROUND(AVERAGEIFS(Responses!$J$2:$J$200000,Responses!$A$2:$A$200000,$A2,Responses!$G$2:$G$200000,"DS"),2),"") -> 2.67 | N2: =IFERROR(ROUND(AVERAGEIFS(Responses!$J$2:$J$200000,Responses!$A$2:$A$200000,$A2,Responses!$G$2:$G$200000,"PS"),2),"") -> 3.71 | O2: =IFERROR(ROUND(AVERAGEIFS(Responses!$J$2:$J$200000,Responses!$A$2:$A$200000,$A2,Responses!$G$2:$G$200000,"AS"),2),"") -> 4 | P2: =IFERROR(ROUND(AVERAGEIFS(Responses!$J$2:$J$200000,Responses!$A$2:$A$200000,$A2,Responses!$G$2:$G$200000,"IR"),2),"") -> 3.8 | Q2: =IFERROR(ROUND(AVERAGEIFS(Responses!$J$2:$J$200000,Responses!$A$2:$A$200000,$A2,Responses!$G$2:$G$200000,"PC"),2),"") -> 3.8
B3: =IFERROR(INDEX(Responses!$J$2:$J$200000,MATCH(1,INDEX((Responses!$A$2:$A$200000=$A3)*(Responses!$F$2:$F$200000="DEM_school_name"),0),0)),"") | C3: =IFERROR(INDEX(Responses!$J$2:$J$200000,MATCH(1,INDEX((Responses!$A$2:$A$200000=$A3)*(Responses!$F$2:$F$200000="DEM_class_grade"),0),0)),"") | D3: =COUNTIFS(Responses!$A$2:$A$200000,$A3,Responses!$D$2:$D$200000,"B",Responses!$J$2:$J$200000,">0") -> 0 | E3: =IF(A3="","",71-D3) | F3: =IFERROR(ROUND(AVERAGEIFS(Responses!$J$2:$J$200000,Responses!$A$2:$A$200000,$A3,Responses!$G$2:$G$200000,"ER"),2),"") | G3: =IFERROR(ROUND(AVERAGEIFS(Responses!$J$2:$J$200000,Responses!$A$2:$A$200000,$A3,Responses!$G$2:$G$200000,"RE"),2),"") | H3: =IFERROR(ROUND(AVERAGEIFS(Responses!$J$2:$J$200000,Responses!$A$2:$A$200000,$A3,Responses!$G$2:$G$200000,"EO"),2),"") | I3: =IFERROR(ROUND(AVERAGEIFS(Responses!$J$2:$J$200000,Responses!$A$2:$A$200000,$A3,Responses!$G$2:$G$200000,"EM"),2),"") | J3: =IFERROR(ROUND(AVERAGEIFS(Responses!$J$2:$J$200000,Responses!$A$2:$A$200000,$A3,Responses!$G$2:$G$200000,"DI"),2),"") | K3: =IFERROR(ROUND(AVERAGEIFS(Responses!$J$2:$J$200000,Responses!$A$2:$A$200000,$A3,Responses!$G$2:$G$200000,"TC"),2),"") | L3: =IFERROR(ROUND(AVERAGEIFS(Responses!$J$2:$J$200000,Responses!$A$2:$A$200000,$A3,Responses!$G$2:$G$200000,"DP"),2),"") | M3: =IFERROR(ROUND(AVERAGEIFS(Responses!$J$2:$J$200000,Responses!$A$2:$A$200000,$A3,Responses!$G$2:$G$200000,"DS"),2),"") | N3: =IFERROR(ROUND(AVERAGEIFS(Responses!$J$2:$J$200000,Responses!$A$2:$A$200000,$A3,Responses!$G$2:$G$200000,"PS"),2),"") | O3: =IFERROR(ROUND(AVERAGEIFS(Responses!$J$2:$J$200000,Responses!$A$2:$A$200000,$A3,Responses!$G$2:$G$200000,"AS"),2),"") | P3: =IFERROR(ROUND(AVERAGEIFS(Responses!$J$2:$J$200000,Responses!$A$2:$A$200000,$A3,Responses!$G$2:$G$200000,"IR"),2),"") | Q3: =IFERROR(ROUND(AVERAGEIFS(Responses!$J$2:$J$200000,Responses!$A$2:$A$200000,$A3,Responses!$G$2:$G$200000,"PC"),2),"")
B4: =IFERROR(INDEX(Responses!$J$2:$J$200000,MATCH(1,INDEX((Responses!$A$2:$A$200000=$A4)*(Responses!$F$2:$F$200000="DEM_school_name"),0),0)),"") | C4: =IFERROR(INDEX(Responses!$J$2:$J$200000,MATCH(1,INDEX((Responses!$A$2:$A$200000=$A4)*(Responses!$F$2:$F$200000="DEM_class_grade"),0),0)),"") | D4: =COUNTIFS(Responses!$A$2:$A$200000,$A4,Responses!$D$2:$D$200000,"B",Responses!$J$2:$J$200000,">0") -> 0 | E4: =IF(A4="","",71-D4) | F4: =IFERROR(ROUND(AVERAGEIFS(Responses!$J$2:$J$200000,Responses!$A$2:$A$200000,$A4,Responses!$G$2:$G$200000,"ER"),2),"") | G4: =IFERROR(ROUND(AVERAGEIFS(Responses!$J$2:$J$200000,Responses!$A$2:$A$200000,$A4,Responses!$G$2:$G$200000,"RE"),2),"") | H4: =IFERROR(ROUND(AVERAGEIFS(Responses!$J$2:$J$200000,Responses!$A$2:$A$200000,$A4,Responses!$G$2:$G$200000,"EO"),2),"") | I4: =IFERROR(ROUND(AVERAGEIFS(Responses!$J$2:$J$200000,Responses!$A$2:$A$200000,$A4,Responses!$G$2:$G$200000,"EM"),2),"") | J4: =IFERROR(ROUND(AVERAGEIFS(Responses!$J$2:$J$200000,Responses!$A$2:$A$200000,$A4,Responses!$G$2:$G$200000,"DI"),2),"") | K4: =IFERROR(ROUND(AVERAGEIFS(Responses!$J$2:$J$200000,Responses!$A$2:$A$200000,$A4,Responses!$G$2:$G$200000,"TC"),2),"") | L4: =IFERROR(ROUND(AVERAGEIFS(Responses!$J$2:$J$200000,Responses!$A$2:$A$200000,$A4,Responses!$G$2:$G$200000,"DP"),2),"") | M4: =IFERROR(ROUND(AVERAGEIFS(Responses!$J$2:$J$200000,Responses!$A$2:$A$200000,$A4,Responses!$G$2:$G$200000,"DS"),2),"") | N4: =IFERROR(ROUND(AVERAGEIFS(Responses!$J$2:$J$200000,Responses!$A$2:$A$200000,$A4,Responses!$G$2:$G$200000,"PS"),2),"") | O4: =IFERROR(ROUND(AVERAGEIFS(Responses!$J$2:$J$200000,Responses!$A$2:$A$200000,$A4,Responses!$G$2:$G$200000,"AS"),2),"") | P4: =IFERROR(ROUND(AVERAGEIFS(Responses!$J$2:$J$200000,Responses!$A$2:$A$200000,$A4,Responses!$G$2:$G$200000,"IR"),2),"") | Q4: =IFERROR(ROUND(AVERAGEIFS(Responses!$J$2:$J$200000,Responses!$A$2:$A$200000,$A4,Responses!$G$2:$G$200000,"PC"),2),"")
B5: =IFERROR(INDEX(Responses!$J$2:$J$200000,MATCH(1,INDEX((Responses!$A$2:$A$200000=$A5)*(Responses!$F$2:$F$200000="DEM_school_name"),0),0)),"") | C5: =IFERROR(INDEX(Responses!$J$2:$J$200000,MATCH(1,INDEX((Responses!$A$2:$A$200000=$A5)*(Responses!$F$2:$F$200000="DEM_class_grade"),0),0)),"") | D5: =COUNTIFS(Responses!$A$2:$A$200000,$A5,Responses!$D$2:$D$200000,"B",Responses!$J$2:$J$200000,">0") -> 0 | E5: =IF(A5="","",71-D5) | F5: =IFERROR(ROUND(AVERAGEIFS(Responses!$J$2:$J$200000,Responses!$A$2:$A$200000,$A5,Responses!$G$2:$G$200000,"ER"),2),"") | G5: =IFERROR(ROUND(AVERAGEIFS(Responses!$J$2:$J$200000,Responses!$A$2:$A$200000,$A5,Responses!$G$2:$G$200000,"RE"),2),"") | H5: =IFERROR(ROUND(AVERAGEIFS(Responses!$J$2:$J$200000,Responses!$A$2:$A$200000,$A5,Responses!$G$2:$G$200000,"EO"),2),"") | I5: =IFERROR(ROUND(AVERAGEIFS(Responses!$J$2:$J$200000,Responses!$A$2:$A$200000,$A5,Responses!$G$2:$G$200000,"EM"),2),"") | J5: =IFERROR(ROUND(AVERAGEIFS(Responses!$J$2:$J$200000,Responses!$A$2:$A$200000,$A5,Responses!$G$2:$G$200000,"DI"),2),"") | K5: =IFERROR(ROUND(AVERAGEIFS(Responses!$J$2:$J$200000,Responses!$A$2:$A$200000,$A5,Responses!$G$2:$G$200000,"TC"),2),"") | L5: =IFERROR(ROUND(AVERAGEIFS(Responses!$J$2:$J$200000,Responses!$A$2:$A$200000,$A5,Responses!$G$2:$G$200000,"DP"),2),"") | M5: =IFERROR(ROUND(AVERAGEIFS(Responses!$J$2:$J$200000,Responses!$A$2:$A$200000,$A5,Responses!$G$2:$G$200000,"DS"),2),"") | N5: =IFERROR(ROUND(AVERAGEIFS(Responses!$J$2:$J$200000,Responses!$A$2:$A$200000,$A5,Responses!$G$2:$G$200000,"PS"),2),"") | O5: =IFERROR(ROUND(AVERAGEIFS(Responses!$J$2:$J$200000,Responses!$A$2:$A$200000,$A5,Responses!$G$2:$G$200000,"AS"),2),"") | P5: =IFERROR(ROUND(AVERAGEIFS(Responses!$J$2:$J$200000,Responses!$A$2:$A$200000,$A5,Responses!$G$2:$G$200000,"IR"),2),"") | Q5: =IFERROR(ROUND(AVERAGEIFS(Responses!$J$2:$J$200000,Responses!$A$2:$A$200000,$A5,Responses!$G$2:$G$200000,"PC"),2),"")
B6: =IFERROR(INDEX(Responses!$J$2:$J$200000,MATCH(1,INDEX((Responses!$A$2:$A$200000=$A6)*(Responses!$F$2:$F$200000="DEM_school_name"),0),0)),"") | C6: =IFERROR(INDEX(Responses!$J$2:$J$200000,MATCH(1,INDEX((Responses!$A$2:$A$200000=$A6)*(Responses!$F$2:$F$200000="DEM_class_grade"),0),0)),"") | D6: =COUNTIFS(Responses!$A$2:$A$200000,$A6,Responses!$D$2:$D$200000,"B",Responses!$J$2:$J$200000,">0") -> 0 | E6: =IF(A6="","",71-D6) | F6: =IFERROR(ROUND(AVERAGEIFS(Responses!$J$2:$J$200000,Responses!$A$2:$A$200000,$A6,Responses!$G$2:$G$200000,"ER"),2),"") | G6: =IFERROR(ROUND(AVERAGEIFS(Responses!$J$2:$J$200000,Responses!$A$2:$A$200000,$A6,Responses!$G$2:$G$200000,"RE"),2),"") | H6: =IFERROR(ROUND(AVERAGEIFS(Responses!$J$2:$J$200000,Responses!$A$2:$A$200000,$A6,Responses!$G$2:$G$200000,"EO"),2),"") | I6: =IFERROR(ROUND(AVERAGEIFS(Responses!$J$2:$J$200000,Responses!$A$2:$A$200000,$A6,Responses!$G$2:$G$200000,"EM"),2),"") | J6: =IFERROR(ROUND(AVERAGEIFS(Responses!$J$2:$J$200000,Responses!$A$2:$A$200000,$A6,Responses!$G$2:$G$200000,"DI"),2),"") | K6: =IFERROR(ROUND(AVERAGEIFS(Responses!$J$2:$J$200000,Responses!$A$2:$A$200000,$A6,Responses!$G$2:$G$200000,"TC"),2),"") | L6: =IFERROR(ROUND(AVERAGEIFS(Responses!$J$2:$J$200000,Responses!$A$2:$A$200000,$A6,Responses!$G$2:$G$200000,"DP"),2),"") | M6: =IFERROR(ROUND(AVERAGEIFS(Responses!$J$2:$J$200000,Responses!$A$2:$A$200000,$A6,Responses!$G$2:$G$200000,"DS"),2),"") | N6: =IFERROR(ROUND(AVERAGEIFS(Responses!$J$2:$J$200000,Responses!$A$2:$A$200000,$A6,Responses!$G$2:$G$200000,"PS"),2),"") | O6: =IFERROR(ROUND(AVERAGEIFS(Responses!$J$2:$J$200000,Responses!$A$2:$A$200000,$A6,Responses!$G$2:$G$200000,"AS"),2),"") | P6: =IFERROR(ROUND(AVERAGEIFS(Responses!$J$2:$J$200000,Responses!$A$2:$A$200000,$A6,Responses!$G$2:$G$200000,"IR"),2),"") | Q6: =IFERROR(ROUND(AVERAGEIFS(Responses!$J$2:$J$200000,Responses!$A$2:$A$200000,$A6,Responses!$G$2:$G$200000,"PC"),2),"")
B7: =IFERROR(INDEX(Responses!$J$2:$J$200000,MATCH(1,INDEX((Responses!$A$2:$A$200000=$A7)*(Responses!$F$2:$F$200000="DEM_school_name"),0),0)),"") | C7: =IFERROR(INDEX(Responses!$J$2:$J$200000,MATCH(1,INDEX((Responses!$A$2:$A$200000=$A7)*(Responses!$F$2:$F$200000="DEM_class_grade"),0),0)),"") | D7: =COUNTIFS(Responses!$A$2:$A$200000,$A7,Responses!$D$2:$D$200000,"B",Responses!$J$2:$J$200000,">0") -> 0 | E7: =IF(A7="","",71-D7) | F7: =IFERROR(ROUND(AVERAGEIFS(Responses!$J$2:$J$200000,Responses!$A$2:$A$200000,$A7,Responses!$G$2:$G$200000,"ER"),2),"") | G7: =IFERROR(ROUND(AVERAGEIFS(Responses!$J$2:$J$200000,Responses!$A$2:$A$200000,$A7,Responses!$G$2:$G$200000,"RE"),2),"") | H7: =IFERROR(ROUND(AVERAGEIFS(Responses!$J$2:$J$200000,Responses!$A$2:$A$200000,$A7,Responses!$G$2:$G$200000,"EO"),2),"") | I7: =IFERROR(ROUND(AVERAGEIFS(Responses!$J$2:$J$200000,Responses!$A$2:$A$200000,$A7,Responses!$G$2:$G$200000,"EM"),2),"") | J7: =IFERROR(ROUND(AVERAGEIFS(Responses!$J$2:$J$200000,Responses!$A$2:$A$200000,$A7,Responses!$G$2:$G$200000,"DI"),2),"") | K7: =IFERROR(ROUND(AVERAGEIFS(Responses!$J$2:$J$200000,Responses!$A$2:$A$200000,$A7,Responses!$G$2:$G$200000,"TC"),2),"") | L7: =IFERROR(ROUND(AVERAGEIFS(Responses!$J$2:$J$200000,Responses!$A$2:$A$200000,$A7,Responses!$G$2:$G$200000,"DP"),2),"") | M7: =IFERROR(ROUND(AVERAGEIFS(Responses!$J$2:$J$200000,Responses!$A$2:$A$200000,$A7,Responses!$G$2:$G$200000,"DS"),2),"") | N7: =IFERROR(ROUND(AVERAGEIFS(Responses!$J$2:$J$200000,Responses!$A$2:$A$200000,$A7,Responses!$G$2:$G$200000,"PS"),2),"") | O7: =IFERROR(ROUND(AVERAGEIFS(Responses!$J$2:$J$200000,Responses!$A$2:$A$200000,$A7,Responses!$G$2:$G$200000,"AS"),2),"") | P7: =IFERROR(ROUND(AVERAGEIFS(Responses!$J$2:$J$200000,Responses!$A$2:$A$200000,$A7,Responses!$G$2:$G$200000,"IR"),2),"") | Q7: =IFERROR(ROUND(AVERAGEIFS(Responses!$J$2:$J$200000,Responses!$A$2:$A$200000,$A7,Responses!$G$2:$G$200000,"PC"),2),"")
B8: =IFERROR(INDEX(Responses!$J$2:$J$200000,MATCH(1,INDEX((Responses!$A$2:$A$200000=$A8)*(Responses!$F$2:$F$200000="DEM_school_name"),0),0)),"") | C8: =IFERROR(INDEX(Responses!$J$2:$J$200000,MATCH(1,INDEX((Responses!$A$2:$A$200000=$A8)*(Responses!$F$2:$F$200000="DEM_class_grade"),0),0)),"") | D8: =COUNTIFS(Responses!$A$2:$A$200000,$A8,Responses!$D$2:$D$200000,"B",Responses!$J$2:$J$200000,">0") -> 0 | E8: =IF(A8="","",71-D8) | F8: =IFERROR(ROUND(AVERAGEIFS(Responses!$J$2:$J$200000,Responses!$A$2:$A$200000,$A8,Responses!$G$2:$G$200000,"ER"),2),"") | G8: =IFERROR(ROUND(AVERAGEIFS(Responses!$J$2:$J$200000,Responses!$A$2:$A$200000,$A8,Responses!$G$2:$G$200000,"RE"),2),"") | H8: =IFERROR(ROUND(AVERAGEIFS(Responses!$J$2:$J$200000,Responses!$A$2:$A$200000,$A8,Responses!$G$2:$G$200000,"EO"),2),"") | I8: =IFERROR(ROUND(AVERAGEIFS(Responses!$J$2:$J$200000,Responses!$A$2:$A$200000,$A8,Responses!$G$2:$G$200000,"EM"),2),"") | J8: =IFERROR(ROUND(AVERAGEIFS(Responses!$J$2:$J$200000,Responses!$A$2:$A$200000,$A8,Responses!$G$2:$G$200000,"DI"),2),"") | K8: =IFERROR(ROUND(AVERAGEIFS(Responses!$J$2:$J$200000,Responses!$A$2:$A$200000,$A8,Responses!$G$2:$G$200000,"TC"),2),"") | L8: =IFERROR(ROUND(AVERAGEIFS(Responses!$J$2:$J$200000,Responses!$A$2:$A$200000,$A8,Responses!$G$2:$G$200000,"DP"),2),"") | M8: =IFERROR(ROUND(AVERAGEIFS(Responses!$J$2:$J$200000,Responses!$A$2:$A$200000,$A8,Responses!$G$2:$G$200000,"DS"),2),"") | N8: =IFERROR(ROUND(AVERAGEIFS(Responses!$J$2:$J$200000,Responses!$A$2:$A$200000,$A8,Responses!$G$2:$G$200000,"PS"),2),"") | O8: =IFERROR(ROUND(AVERAGEIFS(Responses!$J$2:$J$200000,Responses!$A$2:$A$200000,$A8,Responses!$G$2:$G$200000,"AS"),2),"") | P8: =IFERROR(ROUND(AVERAGEIFS(Responses!$J$2:$J$200000,Responses!$A$2:$A$200000,$A8,Responses!$G$2:$G$200000,"IR"),2),"") | Q8: =IFERROR(ROUND(AVERAGEIFS(Responses!$J$2:$J$200000,Responses!$A$2:$A$200000,$A8,Responses!$G$2:$G$200000,"PC"),2),"")
B9: =IFERROR(INDEX(Responses!$J$2:$J$200000,MATCH(1,INDEX((Responses!$A$2:$A$200000=$A9)*(Responses!$F$2:$F$200000="DEM_school_name"),0),0)),"") | C9: =IFERROR(INDEX(Responses!$J$2:$J$200000,MATCH(1,INDEX((Responses!$A$2:$A$200000=$A9)*(Responses!$F$2:$F$200000="DEM_class_grade"),0),0)),"") | D9: =COUNTIFS(Responses!$A$2:$A$200000,$A9,Responses!$D$2:$D$200000,"B",Responses!$J$2:$J$200000,">0") -> 0 | E9: =IF(A9="","",71-D9) | F9: =IFERROR(ROUND(AVERAGEIFS(Responses!$J$2:$J$200000,Responses!$A$2:$A$200000,$A9,Responses!$G$2:$G$200000,"ER"),2),"") | G9: =IFERROR(ROUND(AVERAGEIFS(Responses!$J$2:$J$200000,Responses!$A$2:$A$200000,$A9,Responses!$G$2:$G$200000,"RE"),2),"") | H9: =IFERROR(ROUND(AVERAGEIFS(Responses!$J$2:$J$200000,Responses!$A$2:$A$200000,$A9,Responses!$G$2:$G$200000,"EO"),2),"") | I9: =IFERROR(ROUND(AVERAGEIFS(Responses!$J$2:$J$200000,Responses!$A$2:$A$200000,$A9,Responses!$G$2:$G$200000,"EM"),2),"") | J9: =IFERROR(ROUND(AVERAGEIFS(Responses!$J$2:$J$200000,Responses!$A$2:$A$200000,$A9,Responses!$G$2:$G$200000,"DI"),2),"") | K9: =IFERROR(ROUND(AVERAGEIFS(Responses!$J$2:$J$200000,Responses!$A$2:$A$200000,$A9,Responses!$G$2:$G$200000,"TC"),2),"") | L9: =IFERROR(ROUND(AVERAGEIFS(Responses!$J$2:$J$200000,Responses!$A$2:$A$200000,$A9,Responses!$G$2:$G$200000,"DP"),2),"") | M9: =IFERROR(ROUND(AVERAGEIFS(Responses!$J$2:$J$200000,Responses!$A$2:$A$200000,$A9,Responses!$G$2:$G$200000,"DS"),2),"") | N9: =IFERROR(ROUND(AVERAGEIFS(Responses!$J$2:$J$200000,Responses!$A$2:$A$200000,$A9,Responses!$G$2:$G$200000,"PS"),2),"") | O9: =IFERROR(ROUND(AVERAGEIFS(Responses!$J$2:$J$200000,Responses!$A$2:$A$200000,$A9,Responses!$G$2:$G$200000,"AS"),2),"") | P9: =IFERROR(ROUND(AVERAGEIFS(Responses!$J$2:$J$200000,Responses!$A$2:$A$200000,$A9,Responses!$G$2:$G$200000,"IR"),2),"") | Q9: =IFERROR(ROUND(AVERAGEIFS(Responses!$J$2:$J$200000,Responses!$A$2:$A$200000,$A9,Responses!$G$2:$G$200000,"PC"),2),"")
B10: =IFERROR(INDEX(Responses!$J$2:$J$200000,MATCH(1,INDEX((Responses!$A$2:$A$200000=$A10)*(Responses!$F$2:$F$200000="DEM_school_name"),0),0)),"") | C10: =IFERROR(INDEX(Responses!$J$2:$J$200000,MATCH(1,INDEX((Responses!$A$2:$A$200000=$A10)*(Responses!$F$2:$F$200000="DEM_class_grade"),0),0)),"") | D10: =COUNTIFS(Responses!$A$2:$A$200000,$A10,Responses!$D$2:$D$200000,"B",Responses!$J$2:$J$200000,">0") -> 0 | E10: =IF(A10="","",71-D10) | F10: =IFERROR(ROUND(AVERAGEIFS(Responses!$J$2:$J$200000,Responses!$A$2:$A$200000,$A10,Responses!$G$2:$G$200000,"ER"),2),"") | G10: =IFERROR(ROUND(AVERAGEIFS(Responses!$J$2:$J$200000,Responses!$A$2:$A$200000,$A10,Responses!$G$2:$G$200000,"RE"),2),"") | H10: =IFERROR(ROUND(AVERAGEIFS(Responses!$J$2:$J$200000,Responses!$A$2:$A$200000,$A10,Responses!$G$2:$G$200000,"EO"),2),"") | I10: =IFERROR(ROUND(AVERAGEIFS(Responses!$J$2:$J$200000,Responses!$A$2:$A$200000,$A10,Responses!$G$2:$G$200000,"EM"),2),"") | J10: =IFERROR(ROUND(AVERAGEIFS(Responses!$J$2:$J$200000,Responses!$A$2:$A$200000,$A10,Responses!$G$2:$G$200000,"DI"),2),"") | K10: =IFERROR(ROUND(AVERAGEIFS(Responses!$J$2:$J$200000,Responses!$A$2:$A$200000,$A10,Responses!$G$2:$G$200000,"TC"),2),"") | L10: =IFERROR(ROUND(AVERAGEIFS(Responses!$J$2:$J$200000,Responses!$A$2:$A$200000,$A10,Responses!$G$2:$G$200000,"DP"),2),"") | M10: =IFERROR(ROUND(AVERAGEIFS(Responses!$J$2:$J$200000,Responses!$A$2:$A$200000,$A10,Responses!$G$2:$G$200000,"DS"),2),"") | N10: =IFERROR(ROUND(AVERAGEIFS(Responses!$J$2:$J$200000,Responses!$A$2:$A$200000,$A10,Responses!$G$2:$G$200000,"PS"),2),"") | O10: =IFERROR(ROUND(AVERAGEIFS(Responses!$J$2:$J$200000,Responses!$A$2:$A$200000,$A10,Responses!$G$2:$G$200000,"AS"),2),"") | P10: =IFERROR(ROUND(AVERAGEIFS(Responses!$J$2:$J$200000,Responses!$A$2:$A$200000,$A10,Responses!$G$2:$G$200000,"IR"),2),"") | Q10: =IFERROR(ROUND(AVERAGEIFS(Responses!$J$2:$J$200000,Responses!$A$2:$A$200000,$A10,Responses!$G$2:$G$200000,"PC"),2),"")
B11: =IFERROR(INDEX(Responses!$J$2:$J$200000,MATCH(1,INDEX((Responses!$A$2:$A$200000=$A11)*(Responses!$F$2:$F$200000="DEM_school_name"),0),0)),"") | C11: =IFERROR(INDEX(Responses!$J$2:$J$200000,MATCH(1,INDEX((Responses!$A$2:$A$200000=$A11)*(Responses!$F$2:$F$200000="DEM_class_grade"),0),0)),"") | D11: =COUNTIFS(Responses!$A$2:$A$200000,$A11,Responses!$D$2:$D$200000,"B",Responses!$J$2:$J$200000,">0") -> 0 | E11: =IF(A11="","",71-D11) | F11: =IFERROR(ROUND(AVERAGEIFS(Responses!$J$2:$J$200000,Responses!$A$2:$A$200000,$A11,Responses!$G$2:$G$200000,"ER"),2),"") | G11: =IFERROR(ROUND(AVERAGEIFS(Responses!$J$2:$J$200000,Responses!$A$2:$A$200000,$A11,Responses!$G$2:$G$200000,"RE"),2),"") | H11: =IFERROR(ROUND(AVERAGEIFS(Responses!$J$2:$J$200000,Responses!$A$2:$A$200000,$A11,Responses!$G$2:$G$200000,"EO"),2),"") | I11: =IFERROR(ROUND(AVERAGEIFS(Responses!$J$2:$J$200000,Responses!$A$2:$A$200000,$A11,Responses!$G$2:$G$200000,"EM"),2),"") | J11: =IFERROR(ROUND(AVERAGEIFS(Responses!$J$2:$J$200000,Responses!$A$2:$A$200000,$A11,Responses!$G$2:$G$200000,"DI"),2),"") | K11: =IFERROR(ROUND(AVERAGEIFS(Responses!$J$2:$J$200000,Responses!$A$2:$A$200000,$A11,Responses!$G$2:$G$200000,"TC"),2),"") | L11: =IFERROR(ROUND(AVERAGEIFS(Responses!$J$2:$J$200000,Responses!$A$2:$A$200000,$A11,Responses!$G$2:$G$200000,"DP"),2),"") | M11: =IFERROR(ROUND(AVERAGEIFS(Responses!$J$2:$J$200000,Responses!$A$2:$A$200000,$A11,Responses!$G$2:$G$200000,"DS"),2),"") | N11: =IFERROR(ROUND(AVERAGEIFS(Responses!$J$2:$J$200000,Responses!$A$2:$A$200000,$A11,Responses!$G$2:$G$200000,"PS"),2),"") | O11: =IFERROR(ROUND(AVERAGEIFS(Responses!$J$2:$J$200000,Responses!$A$2:$A$200000,$A11,Responses!$G$2:$G$200000,"AS"),2),"") | P11: =IFERROR(ROUND(AVERAGEIFS(Responses!$J$2:$J$200000,Responses!$A$2:$A$200000,$A11,Responses!$G$2:$G$200000,"IR"),2),"") | Q11: =IFERROR(ROUND(AVERAGEIFS(Responses!$J$2:$J$200000,Responses!$A$2:$A$200000,$A11,Responses!$G$2:$G$200000,"PC"),2),"")
B12: =IFERROR(INDEX(Responses!$J$2:$J$200000,MATCH(1,INDEX((Responses!$A$2:$A$200000=$A12)*(Responses!$F$2:$F$200000="DEM_school_name"),0),0)),"") | C12: =IFERROR(INDEX(Responses!$J$2:$J$200000,MATCH(1,INDEX((Responses!$A$2:$A$200000=$A12)*(Responses!$F$2:$F$200000="DEM_class_grade"),0),0)),"") | D12: =COUNTIFS(Responses!$A$2:$A$200000,$A12,Responses!$D$2:$D$200000,"B",Responses!$J$2:$J$200000,">0") -> 0 | E12: =IF(A12="","",71-D12) | F12: =IFERROR(ROUND(AVERAGEIFS(Responses!$J$2:$J$200000,Responses!$A$2:$A$200000,$A12,Responses!$G$2:$G$200000,"ER"),2),"") | G12: =IFERROR(ROUND(AVERAGEIFS(Responses!$J$2:$J$200000,Responses!$A$2:$A$200000,$A12,Responses!$G$2:$G$200000,"RE"),2),"") | H12: =IFERROR(ROUND(AVERAGEIFS(Responses!$J$2:$J$200000,Responses!$A$2:$A$200000,$A12,Responses!$G$2:$G$200000,"EO"),2),"") | I12: =IFERROR(ROUND(AVERAGEIFS(Responses!$J$2:$J$200000,Responses!$A$2:$A$200000,$A12,Responses!$G$2:$G$200000,"EM"),2),"") | J12: =IFERROR(ROUND(AVERAGEIFS(Responses!$J$2:$J$200000,Responses!$A$2:$A$200000,$A12,Responses!$G$2:$G$200000,"DI"),2),"") | K12: =IFERROR(ROUND(AVERAGEIFS(Responses!$J$2:$J$200000,Responses!$A$2:$A$200000,$A12,Responses!$G$2:$G$200000,"TC"),2),"") | L12: =IFERROR(ROUND(AVERAGEIFS(Responses!$J$2:$J$200000,Responses!$A$2:$A$200000,$A12,Responses!$G$2:$G$200000,"DP"),2),"") | M12: =IFERROR(ROUND(AVERAGEIFS(Responses!$J$2:$J$200000,Responses!$A$2:$A$200000,$A12,Responses!$G$2:$G$200000,"DS"),2),"") | N12: =IFERROR(ROUND(AVERAGEIFS(Responses!$J$2:$J$200000,Responses!$A$2:$A$200000,$A12,Responses!$G$2:$G$200000,"PS"),2),"") | O12: =IFERROR(ROUND(AVERAGEIFS(Responses!$J$2:$J$200000,Responses!$A$2:$A$200000,$A12,Responses!$G$2:$G$200000,"AS"),2),"") | P12: =IFERROR(ROUND(AVERAGEIFS(Responses!$J$2:$J$200000,Responses!$A$2:$A$200000,$A12,Responses!$G$2:$G$200000,"IR"),2),"") | Q12: =IFERROR(ROUND(AVERAGEIFS(Responses!$J$2:$J$200000,Responses!$A$2:$A$200000,$A12,Responses!$G$2:$G$200000,"PC"),2),"")
B13: =IFERROR(INDEX(Responses!$J$2:$J$200000,MATCH(1,INDEX((Responses!$A$2:$A$200000=$A13)*(Responses!$F$2:$F$200000="DEM_school_name"),0),0)),"") | C13: =IFERROR(INDEX(Responses!$J$2:$J$200000,MATCH(1,INDEX((Responses!$A$2:$A$200000=$A13)*(Responses!$F$2:$F$200000="DEM_class_grade"),0),0)),"") | D13: =COUNTIFS(Responses!$A$2:$A$200000,$A13,Responses!$D$2:$D$200000,"B",Responses!$J$2:$J$200000,">0") -> 0 | E13: =IF(A13="","",71-D13) | F13: =IFERROR(ROUND(AVERAGEIFS(Responses!$J$2:$J$200000,Responses!$A$2:$A$200000,$A13,Responses!$G$2:$G$200000,"ER"),2),"") | G13: =IFERROR(ROUND(AVERAGEIFS(Responses!$J$2:$J$200000,Responses!$A$2:$A$200000,$A13,Responses!$G$2:$G$200000,"RE"),2),"") | H13: =IFERROR(ROUND(AVERAGEIFS(Responses!$J$2:$J$200000,Responses!$A$2:$A$200000,$A13,Responses!$G$2:$G$200000,"EO"),2),"") | I13: =IFERROR(ROUND(AVERAGEIFS(Responses!$J$2:$J$200000,Responses!$A$2:$A$200000,$A13,Responses!$G$2:$G$200000,"EM"),2),"") | J13: =IFERROR(ROUND(AVERAGEIFS(Responses!$J$2:$J$200000,Responses!$A$2:$A$200000,$A13,Responses!$G$2:$G$200000,"DI"),2),"") | K13: =IFERROR(ROUND(AVERAGEIFS(Responses!$J$2:$J$200000,Responses!$A$2:$A$200000,$A13,Responses!$G$2:$G$200000,"TC"),2),"") | L13: =IFERROR(ROUND(AVERAGEIFS(Responses!$J$2:$J$200000,Responses!$A$2:$A$200000,$A13,Responses!$G$2:$G$200000,"DP"),2),"") | M13: =IFERROR(ROUND(AVERAGEIFS(Responses!$J$2:$J$200000,Responses!$A$2:$A$200000,$A13,Responses!$G$2:$G$200000,"DS"),2),"") | N13: =IFERROR(ROUND(AVERAGEIFS(Responses!$J$2:$J$200000,Responses!$A$2:$A$200000,$A13,Responses!$G$2:$G$200000,"PS"),2),"") | O13: =IFERROR(ROUND(AVERAGEIFS(Responses!$J$2:$J$200000,Responses!$A$2:$A$200000,$A13,Responses!$G$2:$G$200000,"AS"),2),"") | P13: =IFERROR(ROUND(AVERAGEIFS(Responses!$J$2:$J$200000,Responses!$A$2:$A$200000,$A13,Responses!$G$2:$G$200000,"IR"),2),"") | Q13: =IFERROR(ROUND(AVERAGEIFS(Responses!$J$2:$J$200000,Responses!$A$2:$A$200000,$A13,Responses!$G$2:$G$200000,"PC"),2),"")
B14: =IFERROR(INDEX(Responses!$J$2:$J$200000,MATCH(1,INDEX((Responses!$A$2:$A$200000=$A14)*(Responses!$F$2:$F$200000="DEM_school_name"),0),0)),"") | C14: =IFERROR(INDEX(Responses!$J$2:$J$200000,MATCH(1,INDEX((Responses!$A$2:$A$200000=$A14)*(Responses!$F$2:$F$200000="DEM_class_grade"),0),0)),"") | D14: =COUNTIFS(Responses!$A$2:$A$200000,$A14,Responses!$D$2:$D$200000,"B",Responses!$J$2:$J$200000,">0") -> 0 | E14: =IF(A14="","",71-D14) | F14: =IFERROR(ROUND(AVERAGEIFS(Responses!$J$2:$J$200000,Responses!$A$2:$A$200000,$A14,Responses!$G$2:$G$200000,"ER"),2),"") | G14: =IFERROR(ROUND(AVERAGEIFS(Responses!$J$2:$J$200000,Responses!$A$2:$A$200000,$A14,Responses!$G$2:$G$200000,"RE"),2),"") | H14: =IFERROR(ROUND(AVERAGEIFS(Responses!$J$2:$J$200000,Responses!$A$2:$A$200000,$A14,Responses!$G$2:$G$200000,"EO"),2),"") | I14: =IFERROR(ROUND(AVERAGEIFS(Responses!$J$2:$J$200000,Responses!$A$2:$A$200000,$A14,Responses!$G$2:$G$200000,"EM"),2),"") | J14: =IFERROR(ROUND(AVERAGEIFS(Responses!$J$2:$J$200000,Responses!$A$2:$A$200000,$A14,Responses!$G$2:$G$200000,"DI"),2),"") | K14: =IFERROR(ROUND(AVERAGEIFS(Responses!$J$2:$J$200000,Responses!$A$2:$A$200000,$A14,Responses!$G$2:$G$200000,"TC"),2),"") | L14: =IFERROR(ROUND(AVERAGEIFS(Responses!$J$2:$J$200000,Responses!$A$2:$A$200000,$A14,Responses!$G$2:$G$200000,"DP"),2),"") | M14: =IFERROR(ROUND(AVERAGEIFS(Responses!$J$2:$J$200000,Responses!$A$2:$A$200000,$A14,Responses!$G$2:$G$200000,"DS"),2),"") | N14: =IFERROR(ROUND(AVERAGEIFS(Responses!$J$2:$J$200000,Responses!$A$2:$A$200000,$A14,Responses!$G$2:$G$200000,"PS"),2),"") | O14: =IFERROR(ROUND(AVERAGEIFS(Responses!$J$2:$J$200000,Responses!$A$2:$A$200000,$A14,Responses!$G$2:$G$200000,"AS"),2),"") | P14: =IFERROR(ROUND(AVERAGEIFS(Responses!$J$2:$J$200000,Responses!$A$2:$A$200000,$A14,Responses!$G$2:$G$200000,"IR"),2),"") | Q14: =IFERROR(ROUND(AVERAGEIFS(Responses!$J$2:$J$200000,Responses!$A$2:$A$200000,$A14,Responses!$G$2:$G$200000,"PC"),2),"")
... B51: =IFERROR(INDEX(Responses!$J$2:$J$200000,MATCH(1,INDEX((Responses!$A$2:$A$200000=$A51)*(Responses!$F$2:$F$200000="DEM_school_name"),0),0)),"") | C51: =IFERROR(INDEX(Responses!$J$2:$J$200000,MATCH(1,INDEX((Responses!$A$2:$A$200000=$A51)*(Responses!$F$2:$F$200000="DEM_class_grade"),0),0)),"") | D51: =COUNTIFS(Responses!$A$2:$A$200000,$A51,Responses!$D$2:$D$200000,"B",Responses!$J$2:$J$200000,">0") -> 0 | E51: =IF(A51="","",71-D51) | F51: =IFERROR(ROUND(AVERAGEIFS(Responses!$J$2:$J$200000,Responses!$A$2:$A$200000,$A51,Responses!$G$2:$G$200000,"ER"),2),"") | G51: =IFERROR(ROUND(AVERAGEIFS(Responses!$J$2:$J$200000,Responses!$A$2:$A$200000,$A51,Responses!$G$2:$G$200000,"RE"),2),"") | H51: =IFERROR(ROUND(AVERAGEIFS(Responses!$J$2:$J$200000,Responses!$A$2:$A$200000,$A51,Responses!$G$2:$G$200000,"EO"),2),"") | I51: =IFERROR(ROUND(AVERAGEIFS(Responses!$J$2:$J$200000,Responses!$A$2:$A$200000,$A51,Responses!$G$2:$G$200000,"EM"),2),"") | J51: =IFERROR(ROUND(AVERAGEIFS(Responses!$J$2:$J$200000,Responses!$A$2:$A$200000,$A51,Responses!$G$2:$G$200000,"DI"),2),"") | K51: =IFERROR(ROUND(AVERAGEIFS(Responses!$J$2:$J$200000,Responses!$A$2:$A$200000,$A51,Responses!$G$2:$G$200000,"TC"),2),"") | L51: =IFERROR(ROUND(AVERAGEIFS(Responses!$J$2:$J$200000,Responses!$A$2:$A$200000,$A51,Responses!$G$2:$G$200000,"DP"),2),"") | M51: =IFERROR(ROUND(AVERAGEIFS(Responses!$J$2:$J$200000,Responses!$A$2:$A$200000,$A51,Responses!$G$2:$G$200000,"DS"),2),"") | N51: =IFERROR(ROUND(AVERAGEIFS(Responses!$J$2:$J$200000,Responses!$A$2:$A$200000,$A51,Responses!$G$2:$G$200000,"PS"),2),"") | O51: =IFERROR(ROUND(AVERAGEIFS(Responses!$J$2:$J$200000,Responses!$A$2:$A$200000,$A51,Responses!$G$2:$G$200000,"AS"),2),"") | P51: =IFERROR(ROUND(AVERAGEIFS(Responses!$J$2:$J$200000,Responses!$A$2:$A$200000,$A51,Responses!$G$2:$G$200000,"IR"),2),"") | Q51: =IFERROR(ROUND(AVERAGEIFS(Responses!$J$2:$J$200000,Responses!$A$2:$A$200000,$A51,Responses!$G$2:$G$200000,"PC"),2),"")

Sheet Legend
A1: Research Questionnaire Capture — Excel output
A3: From Student_Survey_Bilingual.docx, 2026-09-12. 8 demographic questions + 71 items = 79 rows per response.
A5: RESPONSES — one row per question, per respondent
A6: question_english / question_hindi | B6: Exact wording from the questionnaire, both languages.
A7: answer | B7: The single answer column. Likert items hold 1-5 in bold. Demographic questions hold the text or chosen option.
B8: When no answer could be recorded, this same cell holds the reason instead, shaded amber in italics.
A9: part | B9: A = demographic question, B = questionnaire item.
A11: WHAT AN AMBER CELL MEANS
A12: unanswered | B12: Respondent left it empty. Real data — a genuine non-response.
A13: unreadable: <detail> | B13: Parser could not determine a value, and says why. A software limitation, not data.
A14: conflict: EN=x HI=y | B14: English and Hindi sides of the form disagree. Needs your eyes.
B15: Filter the answer column for these words to get your whole review queue in one click.
B16: The distinction matters: unanswered is a finding you can report, unreadable is a defect to fix.
A18: SUMMARY — one row per respondent, entirely formulas
B19: Type a response_id in column A; everything else fills itself from Responses.
B20: Construct means use AVERAGEIFS, which ignores the amber text cells automatically and averages only real values.
B21: flagged_items counts how many of the 71 need your attention.
A23: SCALE — what the numbers in the answer column mean
A24: 5 | B24: Yes, always / Strongly Agree (हाँ, हमेशा / पूर्णतः सहमत)
A25: 4 | B25: Most of the time / Agree (ज्यादातर समय / सहमत)
A26: 3 | B26: Sometimes / Neither Agree Nor Disagree (कभी-कभी / न सहमत न असहमत)
A27: 2 | B27: Rarely / Disagree (शायद ही कभी / असहमत)
A28: 1 | B28: No, never / Strongly Disagree (नहीं, कभी नहीं / पूर्णतः असहमत)
A30: BEFORE YOU USE THIS
B31: Rows 2-80 are one example response (A-0001) from the real sample student. Delete them.
B32: It deliberately shows all three amber reasons so you can see how each looks.
B33: App appends 79 rows per response. Summary is built for 50; copy row 51 down for more.
